ctr,undefined,undefined
sky,2j2a7MP9n5Kx149ZKjjLmdjhDWi5pKcEbn8,
xem,NC64UFOWRO6AVMWFV2BFX2NT6W2GURK2EOX6FFMZ,100213020
nas,n1GqvtjMdNa6j5KNaR1ozMB9k5URdfWRGPV,
nav,NVJxSjmURpD5aCEaExkiMrV3mmS9xjE6Mw,
gto,0xc17f5d576cc50a360bf5d5d30c1243e184dafd6c,
wtc,0xc17f5d576cc50a360bf5d5d30c1243e184dafd6c,
xvg,D6mBH5SLz9QZ4SzgfRGPo4h6gg99cEb5kU,
iotx,0xc17f5d576cc50a360bf5d5d30c1243e184dafd6c,
tnb,0xc17f5d576cc50a360bf5d5d30c1243e184dafd6c,
dnt,0xc17f5d576cc50a360bf5d5d30c1243e184dafd6c,
cdt,0xc17f5d576cc50a360bf5d5d30c1243e184dafd6c,
dock,0xc17f5d576cc50a360bf5d5d30c1243e184dafd6c,
steem,deepcrypto8,102666188
dent,0xc17f5d576cc50a360bf5d5d30c1243e184dafd6c,
aion,0xa006d95088931e82e6f739693a7a9561b00cf970a297b626c546f2deb7e33497,
npxs,0xc17f5d576cc50a360bf5d5d30c1243e184dafd6c,
bcpt,0xc17f5d576cc50a360bf5d5d30c1243e184dafd6c,
tnt,0xc17f5d576cc50a360bf5d5d30c1243e184dafd6c,
vibe,0xc17f5d576cc50a360bf5d5d30c1243e184dafd6c,
dgd,0xc17f5d576cc50a360bf5d5d30c1243e184dafd6c,
zrx,0xc17f5d576cc50a360bf5d5d30c1243e184dafd6c,
sub,0xc17f5d576cc50a360bf5d5d30c1243e184dafd6c,
bcd,1ENtdE1xCFxm3UkZZfsXPr3Tk52vggkMgk,
bcc,1Cx7NX9w5WomnPMTQJVjUYMVD9QUYp37De,
kmd,RFftSgdhyXVaC3QiF7pJvy34QzbH4p8T2C,
poa,0xc17f5d576cc50a360bf5d5d30c1243e184dafd6c,
ae,0xc17f5d576cc50a360bf5d5d30c1243e184dafd6c,
iost,0xc17f5d576cc50a360bf5d5d30c1243e184dafd6c,
poe,0xc17f5d576cc50a360bf5d5d30c1243e184dafd6c,
omg,0xc17f5d576cc50a360bf5d5d30c1243e184dafd6c,
iq,undefined,undefined
cmt,undefined,undefined
bcn,undefined,undefined
hot,0xc17f5d576cc50a360bf5d5d30c1243e184dafd6c,
btc,1Cx7NX9w5WomnPMTQJVjUYMVD9QUYp37De,
iota,NFYR9OMLYDUEUUMOHWNJKMZHOTSTZTKBFTZPPELWCRHNNBOIP9LFVPZJCLBLCACWWIYJYUBFFUQCIGNFC,
cvc,0xc17f5d576cc50a360bf5d5d30c1243e184dafd6c,
btg,GP7wH4PzNWji2y33euc2sQ3vN6HHBUEGLR,
bcx,undefined,undefined
cnd,0xc17f5d576cc50a360bf5d5d30c1243e184dafd6c,
btm,undefined,undefined
ark,AR7NW26ZKvnf1SqQ1TLNFHhfJb9o4185KF,
trig,undefined,undefined
rcn,0xc17f5d576cc50a360bf5d5d30c1243e184dafd6c,
arn,0xc17f5d576cc50a360bf5d5d30c1243e184dafd6c,
key,0xc17f5d576cc50a360bf5d5d30c1243e184dafd6c,
powr,0xc17f5d576cc50a360bf5d5d30c1243e184dafd6c,
bts,binance-bts-1,102081308
knc,0xc17f5d576cc50a360bf5d5d30c1243e184dafd6c,
gvt,0xc17f5d576cc50a360bf5d5d30c1243e184dafd6c,
wings,0xc17f5d576cc50a360bf5d5d30c1243e184dafd6c,
chat,undefined,undefined
rlc,0xc17f5d576cc50a360bf5d5d30c1243e184dafd6c,
ong,AT8mXpgioSm2ckU5s6mzkcXbW8wfcG4XHU,
gnt,0xc17f5d576cc50a360bf5d5d30c1243e184dafd6c,
sc,f0c4b9a483df94bea5142e27122e12d7fe0af292d5a1f50938201b948f22b9f98c9d89da7c03,
blz,0xc17f5d576cc50a360bf5d5d30c1243e184dafd6c,
snm,0xc17f5d576cc50a360bf5d5d30c1243e184dafd6c,
ont,AT8mXpgioSm2ckU5s6mzkcXbW8wfcG4XHU,
ppt,0xc17f5d576cc50a360bf5d5d30c1243e184dafd6c,
snt,0xc17f5d576cc50a360bf5d5d30c1243e184dafd6c,
rdn,0xc17f5d576cc50a360bf5d5d30c1243e184dafd6c,
fun,0xc17f5d576cc50a360bf5d5d30c1243e184dafd6c,
pivx,DLFSDTdhLTJyEnHwtaVAgf7dj2KuTQxyTN,
ardr,ARDOR-HFNE-E2VE-SMV3-DCRZ8,101147709
phx,AT8mXpgioSm2ckU5s6mzkcXbW8wfcG4XHU,
ast,0xc17f5d576cc50a360bf5d5d30c1243e184dafd6c,
cloak,BxLqn9c4FMRjJS13V7egw3P7s4cLj9hQbp,
mana,0xc17f5d576cc50a360bf5d5d30c1243e184dafd6c,
sngls,0xc17f5d576cc50a360bf5d5d30c1243e184dafd6c,
nebl,Nczmzvae47Hp8yABqjZySNo8deMiHc2kVP,
qkc,0xc17f5d576cc50a360bf5d5d30c1243e184dafd6c,
vtho,0xc17f5d576cc50a360bf5d5d30c1243e184dafd6c,
meetone,undefined,undefined
qsp,0xc17f5d576cc50a360bf5d5d30c1243e184dafd6c,
salt,0xc17f5d576cc50a360bf5d5d30c1243e184dafd6c,
storm,0xc17f5d576cc50a360bf5d5d30c1243e184dafd6c,
atd,undefined,undefined
icn,undefined,undefined
etc,0xc17f5d576cc50a360bf5d5d30c1243e184dafd6c,
etf,undefined,undefined
bnb,0xc17f5d576cc50a360bf5d5d30c1243e184dafd6c,
eth,0xc17f5d576cc50a360bf5d5d30c1243e184dafd6c,
mco,0xc17f5d576cc50a360bf5d5d30c1243e184dafd6c,
neo,AT8mXpgioSm2ckU5s6mzkcXbW8wfcG4XHU,
zec,t1e1y5FGDxAEasXkzxAuRufyQy2F8K8K5Ky,
lrc,0xc17f5d576cc50a360bf5d5d30c1243e184dafd6c,
rep,0xc17f5d576cc50a360bf5d5d30c1243e184dafd6c,
appc,0xc17f5d576cc50a360bf5d5d30c1243e184dafd6c,
ada,DdzFFzCqrht15sYSQkKd8u5gPXnsdnLCbPrTTsyyWAvbvz7NxsZwqUfVGFsYXkh6YtDoFcPgQ4SQhqRerAT1M58YTX8hMPNtFthJEBSC,
elf,0xc17f5d576cc50a360bf5d5d30c1243e184dafd6c,
req,0xc17f5d576cc50a360bf5d5d30c1243e184dafd6c,
storj,0xc17f5d576cc50a360bf5d5d30c1243e184dafd6c,
icx,hxa7043a7d8b587326ecd467a18663a1e688219e07,
mth,0xc17f5d576cc50a360bf5d5d30c1243e184dafd6c,
xzc,a8MhxZRaP4xx3v5ppz93RYQQoYnNHeQmnD,
add,undefined,undefined
loom,0xc17f5d576cc50a360bf5d5d30c1243e184dafd6c,
zen,znoBm7s3mZb5sLM3Kyx4Tq4awmP5HkC7Qjt,
gxs,binance-1,197529884
mtl,0xc17f5d576cc50a360bf5d5d30c1243e184dafd6c,
vet,0xc17f5d576cc50a360bf5d5d30c1243e184dafd6c,
yoyo,298918989,YOYO100500196
pax,0xc17f5d576cc50a360bf5d5d30c1243e184dafd6c,
bnt,0xc17f5d576cc50a360bf5d5d30c1243e184dafd6c,
usdt,1Eu6L62XiS3he5au576mzNnXFqNWbVRdMK,
qlc,AT8mXpgioSm2ckU5s6mzkcXbW8wfcG4XHU,
mda,0xc17f5d576cc50a360bf5d5d30c1243e184dafd6c,
rvn,RArBD4LT7CgCQDhEkEudsAAJT4ThCu6nE1,
dash,XskBHJehV6a6KhrUaoLL54s4rKAYwbDhBK,
nano,xrb_37ppdnxpijajd5ypqgen4baikbp64h1d6si3581gweohpic4nerueiyockiq,
edo,0xc17f5d576cc50a360bf5d5d30c1243e184dafd6c,
waves,3PBE4oXKVbQ32MLzhjF6pcRPHZoTnWjxmUm,
adx,0xc17f5d576cc50a360bf5d5d30c1243e184dafd6c,
amb,0xc17f5d576cc50a360bf5d5d30c1243e184dafd6c,
xrp,rEb8TK3gBgk5auZkwc6sHnwrGVJH8DuaLh,103273275
fuel,0xc17f5d576cc50a360bf5d5d30c1243e184dafd6c,
wpr,0xc17f5d576cc50a360bf5d5d30c1243e184dafd6c,
trx,TEhc6G9HwTUnbMkfKuaV3WpwJkRwqmewpV,
lsk,9390398451342965770L,
hcc,undefined,undefined
nuls,NsdupTTwWYisU6HJ2jh1JKx9eD7tXBvf,
sys,1CDxakicghRVGPmKfDUujpi3nrge2ZWC2P,
data,0xc17f5d576cc50a360bf5d5d30c1243e184dafd6c,
tusd,0xc17f5d576cc50a360bf5d5d30c1243e184dafd6c,
gas,AT8mXpgioSm2ckU5s6mzkcXbW8wfcG4XHU,
wabi,0xc17f5d576cc50a360bf5d5d30c1243e184dafd6c,
ltc,LZCHve3ZfQUDjUaWVpFmJXUyaYECTHuGQP,
strat,SbZGUvEMq7Zx5Z7jcLoZ3mAY6LEPufGLqB,
eng,0xc17f5d576cc50a360bf5d5d30c1243e184dafd6c,
theta,0xc17f5d576cc50a360bf5d5d30c1243e184dafd6c,
enj,0xc17f5d576cc50a360bf5d5d30c1243e184dafd6c,
wan,0xc17f5d576cc50a360bf5d5d30c1243e184dafd6c,
evx,0xc17f5d576cc50a360bf5d5d30c1243e184dafd6c,
oax,0xc17f5d576cc50a360bf5d5d30c1243e184dafd6c,
nxs,2QvRtRFB9qxKXE9ZoUYjZQwSL7bNgzcZANhESZtUSDF3k2UQrfD,
grs,Fh3pj7rDr1kQ4E5LDa3zDmPhqPDtHSBt8a,
lend,0xc17f5d576cc50a360bf5d5d30c1243e184dafd6c,
dlt,0xc17f5d576cc50a360bf5d5d30c1243e184dafd6c,
ins,0xc17f5d576cc50a360bf5d5d30c1243e184dafd6c,
llt,undefined,undefined
xlm,GAHK7EEG2WWHVKDNT4CEQFZGKF2LGDSW2IVM4S5DP42RBW3K6BTODB4A,1069634696
sbtc,undefined,undefined
link,0xc17f5d576cc50a360bf5d5d30c1243e184dafd6c,
mft,0xc17f5d576cc50a360bf5d5d30c1243e184dafd6c,
qtum,QNe8fQtcwoAJZuwQmikt68X5nYZU4Vz9sh,
mod,0xc17f5d576cc50a360bf5d5d30c1243e184dafd6c,
agi,0xc17f5d576cc50a360bf5d5d30c1243e184dafd6c,
lun,0xc17f5d576cc50a360bf5d5d30c1243e184dafd6c,
eon,undefined,undefined
eop,undefined,undefined
eos,binancecleos,107923905
bqx,0xc17f5d576cc50a360bf5d5d30c1243e184dafd6c,
go,0xc17f5d576cc50a360bf5d5d30c1243e184dafd6c,
poly,0xc17f5d576cc50a360bf5d5d30c1243e184dafd6c,
ncash,0xc17f5d576cc50a360bf5d5d30c1243e184dafd6c,
vib,0xc17f5d576cc50a360bf5d5d30c1243e184dafd6c,
via,ViA93zLepNUQhXDNAVx1hcx4dVsNBc3zdx,
ost,0xc17f5d576cc50a360bf5d5d30c1243e184dafd6c,
bat,0xc17f5d576cc50a360bf5d5d30c1243e184dafd6c,
brd,0xc17f5d576cc50a360bf5d5d30c1243e184dafd6c,
hc,HsCYWDCnroB4kyReVBuX5W9rK6WPBVaY2Ph,
xmr,44tLjmXrQNrWJ5NBsEj2R77ZBEgDa3fEe9GLpSf2FRmhexPvfYDUAB7EXX1Hdb3aMQ9FLqdJ56yaAhiXoRsceGJCRS3Jxkn,984ca0e60b21c38d9fc1e6f30b14f7d990ec2c9171f8d6a5cff2726c43ad65ca
zil,0xc17f5d576cc50a360bf5d5d30c1243e184dafd6c,
